Book,Customer,Address,e-mail,phone number,Warehouse,Warehouse address,Warehouse capacity,Retailer,Retailer address,Retailer contact,Retailer phone,Supplier,Supplier address,Supplier contact,Supplier phone,Author,ISBN,Publication date
Visionary systemic initiative,Jacob Turner,"PSC 8046, Box 0061
APO AA 16388",matthew62@example.net,8783413714,Mclean Ltd,"Unit 8889 Box 6725
DPO AA 65642",1124,Garcia-Arroyo,"5942 Angela Flat Suite 562
Donnaland, CO 91899",Keith Smith,9810828910,Harris-Baird,"20940 Clayton Bridge Apt. 289
East Melissa, SD 75613",William Estrada,7944365784,James Holloway,978-3-6000-725-1,1974-05-19
Quality-focused systemic intranet,Robert Blackburn,"3429 Henderson Crescent Apt. 956
Parkermouth, LA 55747",waynestrickland@example.org,408-552-4436x811,"Burgess, Thompson and Johnston","86876 Mcdaniel Plains
West Rachel, FM 55885",1934,Barrera PLC,"5629 John Plaza
Kevinberg, OK 85265",Isabella Manning,+1-141-027-4883x2430,Wilson LLC,"262 Soto Coves
Port Katherine, WI 42698",Steven Kline,160-958-2305,Desiree Bell,978-9-1854-587-0,2010-10-29
Decentralized optimal knowledgebase,Angela Richard,"0492 Jason Fords
New Stephaniestad, AK 95539",kevin72@example.net,(758)224-5107x88011,"Lee, Ruiz and Suarez","93074 Stephanie Union
Spencertown, MD 34858",1413,"Munoz, Williams and Smith","1596 Joseph Overpass
Chapmanchester, AS 39117",Ronald Ward,769-690-0561,Ferguson PLC,"PSC 1023, Box 7826
APO AA 99016",Sydney Garza,497-961-3236,Tammy Cole,978-2-8683-976-2,1975-06-03
De-engineered national toolset,Henry Carter,"4836 Garcia River Apt. 340
Henryfort, RI 32905",noahwilson@example.com,985-748-0571x6499,Garza-Duncan,"938 James Expressway Apt. 359
Nicoleshire, VA 50340",190,"Martinez, Keller and Mitchell","79149 Stuart Fork Apt. 674
Jeffreyborough, NM 31641",Ronnie Delgado,(636)553-5271x178,Perez LLC,"44395 Hayley Course
West Rebecca, WY 39112",Samantha Jensen,827.075.5142,David Cox,979-9-4334-804-0,2010-02-14
Secured optimal matrices,John Klein,"64965 Carlson Islands Apt. 778
West Douglastown, SD 02431",robert05@example.com,001-652-936-4662x2474,"Weeks, Underwood and Sloan","4406 James Motorway
Smithville, ND 61820",1685,Coleman-Taylor,"4814 Morales Hill
Suttonview, VI 62608",David Harris,333.195.3397x0171,West and Sons,"9361 Hill Well Suite 532
Port Jesseberg, ME 09894",Isaiah Rodriguez,605.323.3472x6239,Russell Allen,979-3-1108-69-7,1987-01-22
Inverse didactic attitude,Ronald Davis,"72745 Rodriguez Freeway
North Julianchester, KY 44146",lamblucas@example.com,(503)466-6689,Johnson-Mercado,"364 Brown Crest
Coreyside, OK 16654",1371,Fernandez LLC,"08895 Anthony Dale
South Stacytown, AZ 67793",Alan Crawford,227-674-2233,Tyler PLC,"USS Case
FPO AP 32827",Eric Wilson,837-857-3829x9284,Laura Cooper,979-3-4796-877-1,2015-06-02
Customizable zero tolerance model,Jessica Casey,"3436 Johnson Forest
Morganchester, MT 72979",nelsonkevin@example.com,823-639-3541,Gallegos-Mcdonald,"Unit 7310 Box 1428
DPO AP 67360",686,"Rush, Lutz and Stevens","9925 Antonio Manors Apt. 661
North Tomberg, KS 68957",April Stephens,216-706-4469x4990,"Daniel, Gutierrez and Carlson","171 Jason Fall
East Matthew, AK 07683",Michael Wilkerson,471-000-6140,Ryan Miller,978-4-9804-676-7,2017-10-08
Self-enabling regional portal,Robin Marshall,"8286 Adam Isle
Lake Jonathantown, LA 53990",aeverett@example.org,001-307-331-5266,Montoya-Diaz,"35117 Garcia Springs
Jacquelineborough, RI 01594",1938,Hudson-Mendoza,"2687 Austin Shore
Lake Christine, ND 85511",William Young,001-426-672-0879x714,Jones Inc,"4190 Jeffrey Mountain Apt. 160
Port Andrew, NH 11315",Amanda Santos,(274)687-2937x2839,Donna Collins,978-3-2731-83-9,2017-02-17
Implemented even-keeled superstructure,Julie Jones,"31689 James Gateway Suite 194
East Davidberg, SD 81433",griffinandrea@example.org,433.944.2795x533,Ross PLC,"946 Corey Lodge
Parrishberg, MN 56573",170,"Mata, Clark and Baker","923 Audrey Cove
Lake Brittany, MN 02429",Gabriella Jones,(944)293-1453,Sanchez Inc,"9556 Hayes Summit
Robertmouth, FL 38689",Alice White,(189)795-6485x6911,Linda Tanner,978-2-7844-3-6,2019-05-15
Up-sized actuating software,Thomas Barrett,"91709 Nicole Creek
Port Brianside, IL 25148",yhernandez@example.com,386.992.6319x54832,Mcdonald-Little,"4402 Burke Fields
Haynesshire, IN 35699",837,Johnson Group,"USS Butler
FPO AE 89120",Samuel Lawson,163.144.3370x87887,"Ortega, Morrison and Mccall","089 Velasquez Pines
Youngstad, WV 55126",Darrell Williamson,001-954-366-1605,Christina Oliver,979-1-8518-988-4,2009-05-30
